{"cameraMode":{"drawMode":0,"name":"Shaded","section":"Shading Mode"},"sceneLighting":true,"audioPlay":false,"sceneViewState":{"showFog":true,"showMaterialUpdate":false,"showSkybox":true,"showFlares":true,"showImageEffects":true,"showParticleSystems":true},"in2DMode":false,"pivot":{"x":-48.99420166015625,"y":-323.57733154296877,"z":246.90077209472657},"rotation":{"x":-0.35478198528289797,"y":-0.6370851993560791,"z":0.4159328043460846,"w":-0.5434014797210693},"size":449.94927978515627,"orthographic":false}